Timestamp,Nama Tempat Makan,Lokasi Tempat Makan,Nama Menu,Kategori Tempat,Harga,Kategori Harga,Tujuan Makan,Lauk/Bahan Utama,Rasa,Waktu Makan,Waktu Makan
6/1/2026 8:01:25,Burjo Priangan,Bulusan,Nasi Ayam Balap,Burjo,15000,Hemat,Kenyang,"Ayam, Sayur, Mie",Asin/Gurih,Makan Siang,
6/1/2026 10:40:56,Nasi Padang Sinar Surya,Gondang,Nasi Ayam Crispy,Padang,12000,Sangat Hemat,"Kenyang, Praktis","Ayam, Nasi",Asin/Gurih,Makan Siang,
6/1/2026 10:44:08,Burjo Borju,Perumda,Nasi Ayam Lada Hitam,Burjo,15000,Hemat,"Kenyang, Praktis",Ayam,Tidak Pedas,Makan Siang,
6/1/2026 10:45:28,Burjo Borju,Perumda,Nasi Ayam Bali,Burjo,12000,Hemat,"Kenyang, Praktis","Ayam, Nasi",Tidak Pedas,Makan Siang,
6/1/2026 18:33:28,Burjo Alfa Beta,Gerungsari,Nasi Ayam Bali Krispi,Burjo,16000,Sedang,"Kenyang, Cukup Sehat","Ayam, Tempe, Sayur, Nasi","Pedas, Asin/Gurih",Sarapan,
6/1/2026 18:34:25,Burjo Alfa Beta,Gerungsari,Nasi Omelete,Burjo,12000,Hemat,"Kenyang, Cukup Sehat","Telur, Sayur, Nasi","Tidak Pedas, Asin/Gurih",Sarapan,
6/1/2026 18:38:06,Nasi Goreng Sadewa,Tembalang Selatan,Nasi Goreng Ayam,Nasi Goreng,15000,Hemat,Kenyang,"Ayam, Nasi",Asin/Gurih,Makan Malam,
6/1/2026 18:39:39,Nasi Goreng Sadewa,Tembalang Selatan,Nasi Goreng Spesial,Nasi Goreng,25000,Sedang,Kenyang,"Ayam, Telur, Nasi, Bakso, Sosis",Asin/Gurih,Makan Malam,
6/1/2026 18:40:53,Geprek Maestro,Gerungsari,Nasi Ayam Geprek Ori,Geprek,14000,Hemat,Kenyang,"Ayam, Nasi","Pedas, Asin/Gurih",Makan Siang,
6/1/2026 18:42:01,Warung Bu Bambang,Gondang,Nasi Soto,Warteg,6000,Sangat Hemat,"Kenyang, Cukup Sehat","Ayam, Nasi",Asin/Gurih,Sarapan,
6/1/2026 18:42:36,Warung Bu Bambang,Gondang,Nasi Soto Ceker,Warteg,8000,Sangat Hemat,Kenyang,"Ayam, Nasi, Kikil",Asin/Gurih,Sarapan,
6/1/2026 18:43:45,Warung Bu Bambang,Gondang,Nasi Pecel,Warteg,8000,Sangat Hemat,"Kenyang, Cukup Sehat","Ayam, Telur, Sayur, Nasi",Manis,Sarapan,
6/1/2026 18:45:09,Ayam Gepuk Pak Gembus,Ngesrep,Nasi Ayam Gepuk,Geprek,35000,Mahal,Kenyang,"Ayam, Telur, Tahu, Nasi","Pedas, Asin/Gurih",Makan Siang,
6/1/2026 18:46:42,Mie Gacoan,Ngesrep,Mie Gacoan,Rice / Bowl,10000,Sangat Hemat,Praktis,Mie,"Pedas, Asin/Gurih, Manis",Makan Malam,
6/1/2026 18:48:28,Bakso SS,Gerungsari,Bakso,Bakso /  Mie Ayam,15000,Hemat,"Kenyang, Praktis",Bakso,Asin/Gurih,Makan Siang,
6/1/2026 18:49:08,Bakso SS,Gerungsari,Mie Ayam,Bakso /  Mie Ayam,15000,Hemat,"Kenyang, Praktis","Ayam, Mie",Asin/Gurih,Makan Siang,
6/1/2026 18:50:56,Warteg Citra Rasa,Banjarsari,Nasi Galantin Tahu Putih Orek Tempe,Warteg,11000,Hemat,Kenyang,"Telur, Tempe, Daging","Tidak Pedas, Asin/Gurih",Makan Siang,
6/1/2026 18:51:28,"Ketoprak dan Ketupat Sayur ""Barokah 57""",Prof Soedarto,Ketoprak Telor Dadar,Pecel / Gado,12000,Hemat,"Kenyang, Cukup Sehat","Telur, Tahu, Sayur, Nasi","Tidak Pedas, Manis",Sarapan,
6/1/2026 18:52:36,Ayam Geprek Ngayokdjokarto,Prof Soedarto,Nasi Ayam Geprek,Geprek,14000,Hemat,Kenyang,"Ayam, Nasi","Pedas, Asin/Gurih",Makan Siang,
6/1/2026 18:53:13,Sate Bang Amir ,Banjarsari,Sate Ayam,Sate,20000,Sedang,"Kenyang, Praktis",Ayam,Manis,Makan Malam,
6/1/2026 18:54:37,Bubur Ayam Pak Sholeh,Banjarsari,Bubur Ayam Komplit,Bubur Ayam,15000,Hemat,Kenyang,Ayam,Asin/Gurih,Sarapan,
6/1/2026 18:56:21,Mie Ayam Palembang Afui,Banyuputih,Mie Ayam Jumbo Pangsit,Bakso /  Mie Ayam,15000,Hemat,Kenyang,Mie,Asin/Gurih,Makan Siang,
6/1/2026 18:57:19,Ketoprak Indomie Mas Kembar,Banjarsari,Ketoprak Indomie Aceh + Telur Dadar,Pecel / Gado,15000,Hemat,Kenyang,"Telur, Tahu, Mie","Pedas, Asin/Gurih",Makan Siang,
6/1/2026 18:59:55,Ayam Saus Leleh,Bulusan,Nasi Ayam Geprek Ori,Geprek,13000,Hemat,Kenyang,"Ayam, Nasi","Pedas, Asin/Gurih",Makan Siang,
6/1/2026 19:00:14,Nasi Kuning Pasundan,Gondang,Nasi Kuning Telur Balado,Nasi Kuning,11000,Hemat,"Kenyang, Praktis","Telur, Nasi",Asin/Gurih,Sarapan,
6/1/2026 19:00:45,Ayam Saus Leleh,Bulusan,Nasi Ayam Geprek Saus BBQ,Geprek,15000,Hemat,Kenyang,"Ayam, Nasi","Pedas, Asin/Gurih, Manis",Makan Siang,
6/1/2026 19:01:33,Ayam Saus Leleh,Bulusan,Nasi Ayam Geprek Keju,Geprek,14000,Hemat,Kenyang,"Ayam, Nasi","Pedas, Asin/Gurih",Makan Siang,
6/1/2026 19:02:25,Penyetan Rahayu,Gondang,Nasi Uduk Ayam Goreng ,Penyetan,17000,Sedang,Kenyang,"Telur, Nasi",Asin/Gurih,Makan Malam,
6/1/2026 19:02:52,Ayam Saus Leleh,Bulusan,Nasi Ayam Geprek Lada Hitam,Geprek,15000,Hemat,Kenyang,"Ayam, Nasi","Pedas, Asin/Gurih",Makan Siang,
6/1/2026 19:03:42,Ayam Saus Leleh,Bulusan,Nasi Ayam Geprek Mayo,Geprek,14000,Hemat,Kenyang,"Ayam, Nasi","Pedas, Asin/Gurih, Manis",Makan Siang,
6/1/2026 19:03:50,Burjo Bintang 6,Gondang,Nasi Ayam Balap,Burjo,18000,Sedang,"Kenyang, Praktis","Ayam, Mie, Nasi","Tidak Pedas, Asin/Gurih",Makan Siang,
6/1/2026 19:04:32,Ayam Saus Leleh,Bulusan,Nasi Ayam Geprek Saus Korean Spicy,Geprek,15000,Hemat,Kenyang,"Ayam, Nasi","Pedas, Asin/Gurih, Manis",Makan Siang,
6/1/2026 19:06:50, Ayam Saus Leleh,Bulusan,Nasi Ayam Geprek Keju Mayo,Geprek,15000,Hemat,Kenyang,"Ayam, Nasi","Pedas, Asin/Gurih, Manis",Makan Siang,
6/1/2026 19:07:00,Batterhub Tembalang,Tirto Agung,Paket Spicy Lava,Fast Food,27000,Mahal,Kenyang,Ayam,Pedas,Makan Siang,
6/1/2026 19:07:35,Ayam Saus Leleh,Bulusan,Nasi Ayam Geprek Mozarella,Geprek,15000,Hemat,Kenyang,"Ayam, Nasi","Pedas, Asin/Gurih",Makan Siang,
6/1/2026 19:08:22,Ayam Saus Leleh,Bulusan,Nasi Ayam Geprek Saus Mushroom,Geprek,15000,Hemat,Kenyang,"Ayam, Nasi","Pedas, Asin/Gurih",Makan Siang,
6/1/2026 19:09:13,Ayam Saus Leleh,Bulusan,Nasi Ayam Geprek Mentai,Geprek,16000,Sedang,Kenyang,"Ayam, Nasi","Pedas, Asin/Gurih, Manis",Makan Siang,
6/1/2026 19:14:14,Ayam Penyet Sami Seneng,Baskoro,Nasi Ayam Krispi,Penyetan,16000,Sedang,Kenyang,"Ayam, Nasi","Pedas, Asin/Gurih",Makan Malam,
6/1/2026 19:15:26,Ayam Penyet Sami Seneng,Baskoro,Nasi Bebek Kremes,Penyetan,29000,Mahal,Kenyang,"Ayam, Nasi","Pedas, Asin/Gurih",Makan Malam,
6/1/2026 19:16:46,Angkringan Pendopo,Timoho,Nasi Ayam Penyet + Es Teh,Penyetan,18000,Sedang,Kenyang,"Ayam, Nasi","Pedas, Asin/Gurih",Makan Malam,
6/1/2026 19:16:57,D'kriuk Fried Chicken,Banjarsari,Nasi Fried Chicken Spicy,Fast Food,14000,Hemat,"Kenyang, Praktis","Ayam, Nasi",Pedas,Makan Siang,
6/1/2026 19:20:36,Burjo Priangan,Bulusan,Mie Tek-Tek,Burjo,12000,Hemat,Kenyang,Mie,Asin/Gurih,Makan Malam,
6/1/2026 19:22:13,Makanku,Gondang,Nasi Ayam KU Ayaki,Rice / Bowl,15000,Hemat,"Kenyang, Cukup Sehat","Ayam, Sayur, Nasi",Asin/Gurih,Makan Siang,
6/1/2026 19:23:18,Makanku,Gondang,Nasi Ayam KU Atsu,Rice / Bowl,15000,Hemat,"Kenyang, Cukup Sehat","Ayam, Nasi","Asin/Gurih, Manis",Sarapan,
6/1/2026 19:24:05,Makanku,Gondang,Nasi Ayam BB KU,Rice / Bowl,15000,Hemat,"Kenyang, Cukup Sehat","Ayam, Nasi","Asin/Gurih, Manis",Sarapan,
6/1/2026 19:25:07,Makanku ,Gondang,Nasi Sosis KU,Rice / Bowl,15000,Hemat,"Kenyang, Cukup Sehat","Nasi, Sosis","Asin/Gurih, Manis",Sarapan,
6/1/2026 19:26:07,Makanku,Gondang,Nasi Ayam KU Riyuk,Rice / Bowl,15000,Hemat,"Kenyang, Cukup Sehat","Ayam, Nasi",Asin/Gurih,Sarapan,
6/1/2026 19:29:01,Makanku,Gondang,Nasi Ayam Kara KU,Rice / Bowl,15000,Hemat,"Kenyang, Cukup Sehat","Ayam, Nasi",Asin/Gurih,Sarapan,
6/1/2026 19:29:55,Makanku,Gondang,Nasi Ayam Balado KU,Rice / Bowl,15000,Hemat,"Kenyang, Cukup Sehat","Ayam, Sayur, Nasi","Pedas, Asin/Gurih",Sarapan,
6/2/2026 14:44:53,Nasi Padang Karya Jaya Baru,Mulawarman,Nasi Ayam Rendang,Padang,13000,Hemat,Kenyang,"Ayam, Sayur, Nasi","Pedas, Asin/Gurih",Makan Siang,
6/2/2026 15:23:26,Burjo Polsek,Bulusan,Nasi Goreng Derfa,Burjo,15000,Hemat,Kenyang,"Telur, Nasi","Pedas, Asin/Gurih",Makan Malam,
6/2/2026 15:29:19,Ketoprak Indomie Mas Kembar,Banjarsari,Ketoprak Original,Pecel / Gado,10000,Hemat,"Kenyang, Cukup Sehat","Tahu, Sayur",Manis,Sarapan,
6/2/2026 15:30:11,Ketoprak Indomie Mas Kembar,Banjarsari,Ketoprak Telur Dadar,Pecel / Gado,12000,Hemat,Kenyang,"Telur, Tahu, Sayur",Manis,Sarapan,
6/2/2026 15:31:17,Ketoprak Indomie Mas Kembar,Banjarsari,Ketorak Telur Rebus,Pecel / Gado,13000,Hemat,Kenyang,"Telur, Tahu, Sayur",Manis,Sarapan,
6/2/2026 15:32:05,Ketoprak Indomie Mas Kembar,Banjarsari,Ketoprak Telur Ceplok,Pecel / Gado,13000,Hemat,Kenyang,"Telur, Tahu, Sayur",Manis,Sarapan,
6/2/2026 15:33:16,Ketoprak Indomie Mas Kembar,Banjarsari,Ketoprak Indomie + Telur Rebus,Pecel / Gado,16000,Sedang,Kenyang,"Telur, Tahu, Sayur, Mie","Asin/Gurih, Manis",Sarapan,
6/2/2026 15:34:15,Ketoprak Indomie Mas Kembar,Banjarsari,Ketoprak Indomie + Telur Ceplok,Pecel / Gado,16000,Sedang,Kenyang,"Telur, Tahu, Sayur, Mie","Asin/Gurih, Manis",Sarapan,
6/2/2026 15:35:26,Ketoprak Indomie Mas Kembar,Banjarsari,Ketoprak Jumbo Bihun + Indomie + Dadar,Pecel / Gado,19000,Sedang,Kenyang,"Telur, Tahu, Sayur, Mie","Asin/Gurih, Manis",Sarapan,
6/2/2026 15:36:13,Ketoprak Indomie Mas Kembar,Banjarsari,Ketoprak Jumbo Bihun + Indomie + Ceplok/Rebus,Pecel / Gado,20000,Sedang,Kenyang,"Telur, Tahu, Sayur, Mie","Asin/Gurih, Manis",Sarapan,
6/2/2026 15:44:53,Ketoprak Indomie Mas Kembar,Banjarsari,Lontong tahu Telur Kocok,Pecel / Gado,12000,Hemat,Kenyang,"Telur, Tahu, Sayur",Manis,Sarapan,
6/2/2026 15:46:05,Ketoprak Indomie Mas Kembar,Banjarsari,Lontong Tahu Tek + Telur,Pecel / Gado,13000,Hemat,Kenyang,"Telur, Tahu, Sayur","Asin/Gurih, Manis",Sarapan,
6/2/2026 15:48:44,Ketoprak Indomie Mas Kembar,Banjarsari,Lontong Sayur,Pecel / Gado,10000,Hemat,Kenyang,"Sayur, Nasi","Asin/Gurih, Manis",Sarapan,
6/2/2026 15:49:36,Ketoprak Indomie Mas Kembar,Banjarsari,Lontong Sayur + Telur,Pecel / Gado,10000,Hemat,Kenyang,"Telur, Sayur",Manis,Sarapan,
6/2/2026 15:50:56,Ketoprak Indomie Mas Kembar,Banjarsari,Indomie Aja,Pecel / Gado,5000,Sangat Hemat,"Praktis, Cemilan",Mie,Asin/Gurih,Sarapan,
6/2/2026 19:50:16,Kedai Tinari,Banyumanik,Bakmie Creamy Tinarian,Fast Food,37000,Mahal,Kenyang,Mie,Asin/Gurih,Makan Siang,
6/2/2026 19:51:32,Kedai Tinari,Banyumanik,Bakmi Creamy Mala,Fast Food,29000,Mahal,Kenyang,Mie,"Pedas, Asin/Gurih",Makan Malam,
6/2/2026 19:53:40,Kedai Harmoni,Mulawarman,Mie Ayam Charsiu,Fast Food,20000,Sedang,Kenyang,Mie,"Pedas, Tidak Pedas, Asin/Gurih, Manis",Makan Siang,
6/2/2026 19:54:45,Kedai Harmoni,Mulawarman,Mie Ayam Ngohiang,Fast Food,22000,Sedang,Kenyang,Mie,"Pedas, Tidak Pedas, Asin/Gurih",Makan Malam,
6/2/2026 19:55:25,Kedai Harmoni,Mulawarman,Mie Sapi Manis,Fast Food,25000,Sedang,Kenyang,Mie,"Pedas, Tidak Pedas, Asin/Gurih, Manis",Makan Siang,
6/2/2026 19:56:09,Kedai Harmoni,Mulawarman,Mie Harmoni Spesial,Fast Food,27000,Mahal,Kenyang,Mie,"Pedas, Tidak Pedas, Asin/Gurih, Manis",Makan Siang,
6/2/2026 19:57:00,Kedai Harmoni,Mulawarman,Nasi Ayam Charsiu,Fast Food,20000,Sedang,Kenyang,Mie,"Pedas, Tidak Pedas, Asin/Gurih, Manis",Makan Siang,
6/2/2026 19:58:06,Kedai Harmoni,Mulawarman,Nasi Ayam Ngohiang,Fast Food,22000,Sedang,Kenyang,"Ayam, Nasi","Pedas, Tidak Pedas, Asin/Gurih",Makan Siang,
6/2/2026 19:59:35,Kedai Harmoni,Mulawarman,Nasi Sapi Manis,Fast Food,25000,Sedang,Kenyang,"Ayam, Sayur, Nasi","Pedas, Tidak Pedas, Asin/Gurih, Manis",Makan Siang,
6/2/2026 20:00:35,Kedai Harmoni,Mulawarman,Nasi Harmoni Spesial,Fast Food,27000,Mahal,Kenyang,"Ayam, Sayur, Nasi","Pedas, Tidak Pedas, Asin/Gurih, Manis",Makan Siang,
6/2/2026 20:03:47,Kedai Harmoni,Mulawarman,Dimsum Ayam,Fast Food,15000,Hemat,"Praktis, Cemilan",Ayam,"Tidak Pedas, Asin/Gurih",Makan Siang,
6/2/2026 20:08:07,Bento Kopi,Mulawarman,Chicken Egg Sambal Matah,Burjo,17000,Sedang,"Kenyang, Praktis","Ayam, Nasi","Pedas, Asin/Gurih",Makan Malam,
6/2/2026 20:13:20,Kedai Tinari,Banyumanik,Bakmie Creamy Ayam Panggang ,Fast Food,29000,Mahal,Kenyang,"Ayam, Telur, Sayur, Mie","Tidak Pedas, Asin/Gurih",Makan Malam,
6/2/2026 20:13:23,Nara Ramen,Jatimulyo,Spicy Chicken Katsu Ramen Cheese,Fast Food,33000,Mahal,Kenyang,"Ayam, Telur, Mie","Pedas, Asin/Gurih",Makan Malam,
6/2/2026 20:14:16,Kedai Tinari,Banyumanik,Bakmie Creamy Beef,Fast Food,32000,Mahal,Kenyang,"Telur, Daging, Sayur, Mie","Tidak Pedas, Asin/Gurih",Makan Malam,
6/2/2026 20:14:41,Depot Harmoni,Mulawarman,Mie Ayam Charsiu,Fast Food,18000,Sedang,Kenyang,"Ayam, Mie",Asin/Gurih,Makan Siang,
6/2/2026 20:15:33,Kedai Tinari,Banyumanik,Yamin Pangsit Goreng,Fast Food,16000,Sedang,Kenyang,Mie,"Tidak Pedas, Asin/Gurih, Manis",Makan Malam,
6/2/2026 20:16:37,Kedai Tinari,Banyumanik,Yamien Pangsit Rebus,Fast Food,16000,Sedang,Kenyang,Mie,"Tidak Pedas, Asin/Gurih, Manis",Makan Malam,
6/2/2026 20:17:41,Kedai Tinari,Banyumanik,Yamien Ayam Panggang,Fast Food,22000,Sedang,Kenyang,Mie,"Tidak Pedas, Asin/Gurih, Manis",Makan Malam,
6/2/2026 20:18:45,Kedai Tinari,Banyumanik,Yamien Ayam Panggang Pangsit Goreng,Fast Food,25000,Sedang,Kenyang,"Ayam, Mie","Tidak Pedas, Asin/Gurih, Manis",Makan Malam,
6/2/2026 20:19:49,Kedai Tinari,Banyumanik,Yamien Ayam Panggang Pangsit Rebus,Fast Food,25000,Sedang,Kenyang,"Ayam, Mie","Tidak Pedas, Asin/Gurih, Manis",Makan Malam,
6/2/2026 20:20:53,Kedai Tinari,Banyumanik,Yamien Beef,Fast Food,22000,Sedang,Kenyang,"Daging, Mie","Tidak Pedas, Asin/Gurih, Manis",Makan Malam,
6/2/2026 20:21:57,Kedai Tinari,Banyumanik,Yamien Beef Pangsit Goreng,Fast Food,25000,Sedang,Kenyang,"Daging, Mie","Tidak Pedas, Asin/Gurih, Manis",Makan Malam,
6/2/2026 20:23:01,Kedai Tinari,Banyumanik,Yamien Beef Pangsit Rebus,Fast Food,25000,Sedang,Kenyang,"Daging, Mie","Tidak Pedas, Asin/Gurih, Manis",Makan Malam,
6/2/2026 20:24:05,Kedai Tinari,Banyumanik,Pangsit Goreng,Fast Food,8000,Sangat Hemat,Cemilan,Gorengan,"Tidak Pedas, Asin/Gurih",Makan Malam,
6/2/2026 20:25:09,Kedai Tinari,Banyumanik,Pangsit Rebus,Fast Food,8000,Sangat Hemat,Cemilan,Gorengan,"Tidak Pedas, Asin/Gurih",Makan Malam,
6/2/2026 20:26:13,Kedai Tinari,Banyumanik,Pangsit Chillie Oil,Fast Food,9000,Sangat Hemat,Cemilan,Gorengan,"Pedas, Asin/Gurih",Makan Malam,
6/2/2026 20:27:17,Kedai Tinari,Banyumanik,Dimsum Siomay,Fast Food,12000,Hemat,Cemilan,Ayam,"Tidak Pedas, Asin/Gurih",Makan Malam,
6/2/2026 20:28:21,Kedai Tinari,Banyumanik,Disum Kuah Creamy,Fast Food,18000,Sedang,Cemilan,Ayam,"Tidak Pedas, Asin/Gurih",Makan Malam,
6/2/2026 20:29:25,Kedai Tinari,Banyumanik,Pao Telur Asin,Fast Food,18000,Sedang,Cemilan,Telur,"Tidak Pedas, Asin/Gurih",Makan Malam,
6/2/2026 20:30:29,Kedai Tinari,Banyumanik,Dimsum Kulit Tahu,Fast Food,12000,Hemat,Cemilan,"Telur, Tahu","Tidak Pedas, Asin/Gurih",Makan Malam,
6/2/2026 20:31:33,Batterhub Tembalang,Tirto Agung,Paket OG Chicken,Fast Food,25000,Sedang,Kenyang,"Ayam, Telur, Sayur, Nasi","Tidak Pedas, Asin/Gurih",Makan Malam,
6/2/2026 20:32:37,Batterhub Tembalang,Tirto Agung,Paket Nashville Hot,Fast Food,27000,Mahal,Kenyang,"Ayam, Telur, Sayur, Nasi","Pedas, Asin/Gurih",Makan Malam,
6/2/2026 20:33:41,Batterhub Tembalang,Tirto Agung,Paket Mentai Burn,Fast Food,27000,Mahal,Kenyang,"Ayam, Telur, Sayur, Nasi","Tidak Pedas, Asin/Gurih",Makan Malam,
6/2/2026 20:34:45,Batterhub Tembalang,Tirto Agung,Paket Chessy Lovers,Fast Food,27000,Mahal,Kenyang,"Ayam, Telur, Sayur, Nasi","Tidak Pedas, Asin/Gurih",Makan Malam,
6/2/2026 20:35:49,Batterhub Tembalang,Tirto Agung,Paket Velve Beef,Fast Food,27000,Mahal,Kenyang,"Ayam, Telur, Sayur, Nasi","Tidak Pedas, Asin/Gurih",Makan Malam,
6/2/2026 20:36:53,Batterhub Tembalang,Tirto Agung,paket Caramalized Honey,Fast Food,28000,Mahal,Kenyang,"Ayam, Telur, Sayur, Nasi","Tidak Pedas, Asin/Gurih, Manis",Makan Malam,
6/2/2026 20:37:57,Batterhub Tembalang,Tirto Agung,French Fries,Fast Food,12000,Hemat,Cemilan,Kentang,"Tidak Pedas, Asin/Gurih",Makan Malam,
6/2/2026 20:39:01,Batterhub Tembalang,Tirto Agung,Nugget,Fast Food,12000,Hemat,Cemilan,Ayam,"Tidak Pedas, Asin/Gurih",Makan Malam,
6/2/2026 20:40:05,Batterhub Tembalang,Tirto Agung,Cireng Bumbu Rujak,Fast Food,12000,Hemat,Cemilan,Gorengan,"Tidak Pedas, Asin/Gurih",Makan Malam,
6/2/2026 20:41:09,Batterhub Tembalang,Tirto Agung,Sosis Crispy,Fast Food,12000,Hemat,Cemilan,Sosis,"Tidak Pedas, Asin/Gurih",Makan Malam,
6/2/2026 20:42:13,Batterhub Tembalang,Tirto Agung,Platter Mix,Fast Food,15000,Hemat,Cemilan,"Kentang, Ayam, Sosis","Tidak Pedas, Asin/Gurih",Makan Malam,
6/2/2026 20:43:17,Kedai Wakamsi,Klentengsari,Nasi Ayam Asam Manis,Burjo,18000,Sedang,Kenyang,"Ayam, Nasi","Tidak Pedas, Asin/Gurih",Makan Malam,
6/2/2026 20:44:21,Kedai Wakamsi,Klentengsari,Nasi Cumi Asam Manis,Burjo,"20,000",Sedang,Kenyang,"Seafood, Nasi","Tidak Pedas, Asin/Gurih",Makan Malam,
6/2/2026 20:45:25,Kedai Wakamsi,Klentengsari,Nasi Ayam Cabe Garam,Burjo,"18,000",Sedang,Kenyang,"Ayam, Nasi","Pedas, Asin/Gurih",Makan Malam,
6/2/2026 20:46:29,Kedai Wakamsi,Klentengsari,Nasi Cumi Cabe Garam,Burjo,"20,000",Sedang,Kenyang,"Seafood, Nasi","Pedas, Asin/Gurih",Makan Malam,
6/2/2026 20:47:33,Kedai Wakamsi,Klentengsari,Nasi Ayam Mentega,Burjo,"18,000",Sedang,Kenyang,"Ayam, Nasi","Tidak Pedas, Asin/Gurih",Makan Malam,
6/2/2026 20:48:37,Kedai Wakamsi,Klentengsari,Nasi Cumi Mentega,Burjo,"20,000",Sedang,Kenyang,"Seafood, Nasi","Tidak Pedas, Asin/Gurih",Makan Malam,
6/2/2026 20:49:41,Kedai Wakamsi,Klentengsari,Nasi Ayam Wakamsi,Burjo,"18,000",Sedang,Kenyang,"Ayam, Nasi","Tidak Pedas, Asin/Gurih",Makan Malam,
6/2/2026 20:50:45,Kedai Wakamsi,Klentengsari,Nasi Cumi Wakamsi,Burjo,"20,000",Sedang,Kenyang,"Seafood, Nasi","Tidak Pedas, Asin/Gurih",Makan Malam,
6/2/2026 20:51:49,Kedai Wakamsi,Klentengsari,Nasi Ayam Bali,Burjo,"15,000",Hemat,Kenyang,"Ayam, Nasi","Pedas, Asin/Gurih",Makan Malam,
6/2/2026 20:52:53,Kedai Wakamsi,Klentengsari,Nasi Ayam Bali Crispy,Burjo,"17,000",Sedang,Kenyang,"Ayam, Nasi","Pedas, Asin/Gurih",Makan Malam,
6/2/2026 20:53:57,Kedai Wakamsi,Klentengsari,Nasi Orak Arik Ayam,Burjo,"16,000",Sedang,Kenyang,"Ayam, Telur, Nasi","Tidak Pedas, Asin/Gurih",Makan Malam,
6/2/2026 20:55:01,Kedai Wakamsi,Klentengsari,Nasi Ayam Geprek Lumer,Burjo,"16,000",Sedang,Kenyang,"Ayam, Nasi","Pedas, Asin/Gurih",Makan Malam,
6/2/2026 20:56:05,Kedai Wakamsi,Klentengsari,Gongso Kuah Ayam,Burjo,"17,000",Sedang,Kenyang,Ayam,"Pedas, Asin/Gurih",Makan Malam,
6/2/2026 20:57:09,Kedai Wakamsi,Klentengsari,Gongso Kuah Telur,Burjo,"15,000",Hemat,Kenyang,Telur,"Pedas, Asin/Gurih",Makan Malam,
6/2/2026 20:58:13,Kedai Wakamsi,Klentengsari,Nasi Sarden,Burjo,"16,000",Sedang,Kenyang,"Ikan, Nasi","Tidak Pedas, Asin/Gurih",Makan Malam,
6/2/2026 20:59:17,Kedai Wakamsi,Klentengsari,Nasi Omelet,Burjo,"16,000",Sedang,Kenyang,"Telur, Nasi","Tidak Pedas, Asin/Gurih",Makan Malam,
6/2/2026 21:00:21,Kedai Wakamsi,Klentengsari,Nasi Omelet Lumer,Burjo,"18,000",Sedang,Kenyang,"Telur, Nasi","Tidak Pedas, Asin/Gurih",Makan Malam,
6/2/2026 21:01:25,Kedai Wakamsi,Klentengsari,Kwetiau Ayam,Burjo,"20,000",Sedang,Kenyang,"Ayam, Mie","Tidak Pedas, Asin/Gurih",Makan Malam,
6/2/2026 21:02:29,Kedai Wakamsi,Klentengsari,Kwetiau Seafood Goreng,Burjo,"22,000",Sedang,Kenyang,"Seafood, Mie","Tidak Pedas, Asin/Gurih",Makan Malam,
6/2/2026 21:03:33,Kedai Wakamsi,Klentengsari,Kwetiau Seafood Rebus,Burjo,"22,000",Sedang,Kenyang,"Seafood, Mie","Tidak Pedas, Asin/Gurih",Makan Malam,
6/2/2026 21:04:37,Kedai Wakamsi,Klentengsari,Mie Bangladesh,Burjo,"14,000",Hemat,Kenyang,"Telur, Mie","Pedas, Asin/Gurih",Makan Malam,
6/2/2026 21:05:41,Kedai Wakamsi,Klentengsari,Nasi Goreng Telur Sosis,Burjo,"15,000",Hemat,Kenyang,"Telur, Nasi,  Sosis","Tidak Pedas, Asin/Gurih",Makan Malam,
6/2/2026 21:06:45,Kedai Wakamsi,Klentengsari,Nasi Goreng Wakamsi,Burjo,"17,000",Sedang,Kenyang,"Telur, Nasi","Tidak Pedas, Asin/Gurih",Makan Malam,
6/2/2026 21:07:49,Kedai Wakamsi,Klentengsari,Nasi Goreng Seafood,Burjo,"22,000",Sedang,Kenyang,"Seafood, Nasi","Tidak Pedas, Asin/Gurih",Makan Malam,
6/2/2026 21:08:53,Kedai Wakamsi,Klentengsari,Mix Platter,Burjo,"15,000",Hemat,Cemilan,Kentang,"Tidak Pedas, Asin/Gurih",Makan Malam,
6/2/2026 21:09:57,Kedai Wakamsi,Klentengsari,French Fries,Burjo,"10,000",Sangat Hemat,Cemilan,Kentang,"Tidak Pedas, Asin/Gurih",Makan Malam,
6/2/2026 21:11:01,Kedai Wakamsi,Klentengsari,Enoki Crispy,Burjo,"12,000",Hemat,Cemilan,Gorengan,"Tidak Pedas, Asin/Gurih",Makan Malam,
6/2/2026 21:12:05,Kedai Wakamsi,Klentengsari,Cireng,Burjo,"12,000",Hemat,Cemilan,Gorengan,"Tidak Pedas, Asin/Gurih",Makan Malam,
6/2/2026 21:13:09,Kedai Wakamsi,Klentengsari,Intel,Burjo,"10,000",Sangat Hemat,Kenyang,Mie,"Tidak Pedas, Asin/Gurih",Makan Malam,
6/2/2026 21:14:13,Kedai Wakamsi,Klentengsari,Indomie Aja,Burjo,"8,000",Sangat Hemat,Cemilan,Mie,"Tidak Pedas, Asin/Gurih",Makan Malam,
6/2/2026 21:15:17,Kedai Wakamsi,Klentengsari,Indomie Batam Geprek Mozza,Burjo,"18,000",Sedang,Kenyang,Mie,"Pedas, Asin/Gurih",Makan Malam,
6/2/2026 21:16:21,Kedai Wakamsi,Klentengsari,Indomie Telur Sosis,Burjo,"13,000",Hemat,Kenyang,Mie,"Tidak Pedas, Asin/Gurih",Makan Malam,
6/2/2026 21:17:25,Kedai Wakamsi,Klentengsari,Crispy Chicken Steak Barbeque Single,Burjo,"20,000",Sedang,Kenyang,Ayam,"Tidak Pedas, Asin/Gurih",Makan Malam,
6/2/2026 21:18:29,Kedai Wakamsi,Klentengsari,Crispy Chicken Steak Barbeque Double,Burjo,"27,000",Mahal,Kenyang,Ayam,"Tidak Pedas, Asin/Gurih",Makan Malam,
6/2/2026 21:19:33,Kedai Wakamsi,Klentengsari,Crispy Chicken Steak Lada Hitam Single,Burjo,"20,000",Sedang,Kenyang,Ayam,"Tidak Pedas, Asin/Gurih",Makan Malam,
6/2/2026 21:20:37,Kedai Wakamsi,Klentengsari,Crispy Chicken Steak Lada Hitam Double,Burjo,"27,000",Mahal,Kenyang,Ayam,"Tidak Pedas, Asin/Gurih",Makan Malam,
6/2/2026 21:21:41,Kedai Wakamsi,Klentengsari,Crispy Chicken Steak Keju Single,Burjo,"20,000",Sedang,Kenyang,Ayam,"Tidak Pedas, Asin/Gurih",Makan Malam,
6/2/2026 21:22:45,Kedai Wakamsi,Klentengsari,Crispy Chicken Steak Keju Double,Burjo,"27,000",Mahal,Kenyang,Ayam,"Tidak Pedas, Asin/Gurih",Makan Malam,
6/2/2026 21:23:49,Kedai Wakamsi,Klentengsari,Roti Bakar Selai All,Burjo,"10,000",Sangat Hemat,Cemilan,Roti,Manis,Makan Malam,
6/2/2026 21:24:53,Kedai Wakamsi,Klentengsari,Roti Bakar Keju,Burjo,"12,000",Hemat,Cemilan,Roti,Manis,Makan Malam,
6/2/2026 21:25:57,Kedai Wakamsi,Klentengsari,Pancong Coklat,Burjo,"10,000",Sangat Hemat,Cemilan,Pancong,Manis,Makan Malam,
6/2/2026 21:27:01,Kedai Wakamsi,Klentengsari,Pancong Choco,Burjo,"13,000",Hemat,Cemilan,Pancong,Manis,Makan Malam,
6/2/2026 21:28:05,Kedai Wakamsi,Klentengsari,Pancong Tiramisu,Burjo,"13,000",Hemat,Cemilan,Pancong,Manis,Makan Malam,
6/2/2026 21:29:09,Kedai Wakamsi,Klentengsari,Pancong Milo,Burjo,"13,000",Hemat,Cemilan,Pancong,Manis,Makan Malam,
6/2/2026 21:30:13,Kedai Wakamsi,Klentengsari,Pancong Green Tea,Burjo,"13,000",Hemat,Cemilan,Pancong,Manis,Makan Malam,
6/2/2026 21:31:17,Kedai Wakamsi,Klentengsari,Pancong Keju,Burjo,"13,000",Hemat,Cemilan,Pancong,Manis,Makan Malam,
6/2/2026 21:32:21,Kedai Wakamsi,Klentengsari,Pancong Nutella,Burjo,"17,000",Sedang,Cemilan,Pancong,Manis,Makan Malam,
6/2/2026 21:33:25,Kedai Wakamsi,Klentengsari,Pancong Oreo Ice Cream,Burjo,"17,000",Sedang,Cemilan,Pancong,Manis,Makan Malam,
6/2/2026 21:34:29,Burjo Kane,Jatimulyo,Indomie Goreng/Rebus,Burjo,"8,000",Sangat Hemat,Kenyang,Mie,"Tidak Pedas, Asin/Gurih",Makan Malam,
6/2/2026 21:35:33,Burjo Kane,Jatimulyo,Indomie Kuah Susu,Burjo,"10,000",Sangat Hemat,Kenyang,Mie,"Tidak Pedas, Gurih",Makan Malam,
6/2/2026 21:36:37,Burjo Kane,Jatimulyo,Mie Nyemek,Burjo,"12,000",Hemat,Kenyang,Mie,"Pedas, Asin/Gurih",Makan Malam,
6/2/2026 21:37:41,Burjo Kane,Jatimulyo,Nasi Telur Barendo Matah,Burjo,"13,000",Hemat,Kenyang,"Telur, Nasi","Pedas, Asin/Gurih",Makan Malam,
6/2/2026 21:38:45,Burjo Kane,Jatimulyo,Nasi Telur Barendo Kari,Burjo,"13,000",Hemat,Kenyang,"Telur, Nasi","Tidak Pedas, Asin/Gurih",Makan Malam,
6/2/2026 21:39:49,Burjo Kane,Jatimulyo,Nasi Gila,Burjo,"13,000",Hemat,Kenyang,"Telur, Nasi,  Sosis","Pedas, Asin/Gurih",Makan Malam,
6/2/2026 21:40:53,Burjo Kane,Jatimulyo,Nasi Ayam Balap,Burjo,"13,000",Hemat,Kenyang,"Ayam, Nasi","Pedas, Asin/Gurih",Makan Malam,
6/2/2026 21:41:57,Burjo Kane,Jatimulyo,Napi Original,Burjo,"13,000",Hemat,Kenyang,"Ayam, Nasi","Tidak Pedas, Asin/Gurih",Makan Malam,
6/2/2026 21:43:01,Burjo Kane,Jatimulyo,Napi Teriyaki,Burjo,"13,000",Hemat,Kenyang,"Ayam, Nasi","Tidak Pedas, Asin/Gurih",Makan Malam,
6/2/2026 21:44:05,Burjo Kane,Jatimulyo,Napi Blackpepper,Burjo,"13,000",Hemat,Kenyang,"Ayam, Nasi","Tidak Pedas, Asin/Gurih",Makan Malam,
6/2/2026 21:45:09,Burjo Kane,Jatimulyo,Napi Matah,Burjo,"14,000",Hemat,Kenyang,"Ayam, Nasi","Pedas, Asin/Gurih",Makan Malam,
6/2/2026 21:46:13,Burjo Kane,Jatimulyo,Napi Korean Sauce,Burjo,"13,000",Hemat,Kenyang,"Ayam, Nasi","Tidak Pedas, Asin/Gurih",Makan Malam,
6/2/2026 21:47:17,Burjo Kane,Jatimulyo,Napi Spicy BBQ,Burjo,"13,000",Hemat,Kenyang,"Ayam, Nasi","Pedas, Asin/Gurih",Makan Malam,
6/2/2026 21:48:21,Burjo Kane,Jatimulyo,Napi Salted Egg,Burjo,"14,000",Hemat,Kenyang,"Ayam, Nasi","Tidak Pedas, Asin/Gurih",Makan Malam,
6/2/2026 21:49:25,Burjo Kane,Jatimulyo,Napi Mushroom Sauce,Burjo,"14,000",Hemat,Kenyang,"Ayam, Nasi","Tidak Pedas, Asin/Gurih",Makan Malam,
6/2/2026 21:50:29,Burjo Kane,Jatimulyo,Napi Cabe Garam,Burjo,"14,000",Hemat,Kenyang,"Ayam, Nasi","Pedas, Asin/Gurih",Makan Malam,
6/2/2026 21:51:33,Burjo Kane,Jatimulyo,Napi Curry,Burjo,"14,000",Hemat,Kenyang,"Ayam, Nasi","Tidak Pedas, Asin/Gurih",Makan Malam,
6/2/2026 21:52:37,Burjo Kane,Jatimulyo,Napi Cheese,Burjo,"14,000",Hemat,Kenyang,"Ayam, Nasi","Tidak Pedas, Asin/Gurih",Makan Malam,
6/2/2026 21:53:41,Burjo Kane,Jatimulyo,Napi Honey Garlic,Burjo,"14,000",Hemat,Kenyang,"Ayam, Nasi","Tidak Pedas, Manis/Gurih",Makan Malam,
6/2/2026 21:54:45,Burjo Kane,Jatimulyo,Naka Original,Burjo,"13,000",Hemat,Kenyang,"Ayam, Nasi","Tidak Pedas, Asin/Gurih",Makan Malam,
6/2/2026 21:55:49,Burjo Kane,Jatimulyo,Naka Teriyaki,Burjo,"14,000",Hemat,Kenyang,"Ayam, Nasi","Tidak Pedas, Asin/Gurih",Makan Malam,
6/2/2026 21:56:53,Burjo Kane,Jatimulyo,Naka Blackpepper,Burjo,"14,000",Hemat,Kenyang,"Ayam, Nasi","Tidak Pedas, Asin/Gurih",Makan Malam,
6/2/2026 21:57:57,Burjo Kane,Jatimulyo,Naka Matah,Burjo,"14,000",Hemat,Kenyang,"Ayam, Nasi","Pedas, Asin/Gurih",Makan Malam,
6/2/2026 21:59:01,Burjo Kane,Jatimulyo,Naka Korean Sauce,Burjo,"14,000",Hemat,Kenyang,"Ayam, Nasi","Tidak Pedas, Asin/Gurih",Makan Malam,
6/2/2026 22:00:05,Burjo Kane,Jatimulyo,Naka Smoke BBQ,Burjo,"14,000",Hemat,Kenyang,"Ayam, Nasi","Tidak Pedas, Asin/Gurih",Makan Malam,
6/2/2026 22:01:09,Burjo Kane,Jatimulyo,Naka Salted Egg,Burjo,"14,000",Hemat,Kenyang,"Ayam, Nasi","Tidak Pedas, Asin/Gurih",Makan Malam,
6/2/2026 22:02:13,Burjo Kane,Jatimulyo,Naka Mushroom Sauce,Burjo,"14,000",Hemat,Kenyang,"Ayam, Nasi","Tidak Pedas, Asin/Gurih",Makan Malam,
6/2/2026 22:03:17,Burjo Kane,Jatimulyo,Naka Curry,Burjo,"14,000",Hemat,Kenyang,"Ayam, Nasi","Tidak Pedas, Asin/Gurih",Makan Malam,
6/2/2026 22:04:21,Burjo Kane,Jatimulyo,Naka Cheese,Burjo,"14,000",Hemat,Kenyang,"Ayam, Nasi","Tidak Pedas, Asin/Gurih",Makan Malam,
6/2/2026 22:05:25,Burjo Kane,Jatimulyo,Naka Honey Garlic,Burjo,"14,000",Hemat,Kenyang,"Ayam, Nasi","Tidak Pedas, Manis/Gurih",Makan Malam,
6/2/2026 22:06:29,Burjo Kane,Jatimulyo,Kwetiau Kane,Burjo,"15,000",Hemat,Kenyang,Mie,"Tidak Pedas, Asin/Gurih",Makan Malam,
6/2/2026 22:07:33,Burjo Kane,Jatimulyo,Nasgor Kane,Burjo,"14,000",Hemat,Kenyang,"Nasi, Telur","Tidak Pedas, Asin/Gurih",Makan Malam,
6/2/2026 22:08:37,Burjo Kane,Jatimulyo,Baked Rice Curry,Burjo,"15,000",Hemat,Kenyang,Nasi,"Tidak Pedas, Asin/Gurih",Makan Malam,
6/2/2026 22:09:41,Burjo Kane,Jatimulyo,Baked Rice Mushroom,Burjo,"15,000",Hemat,Kenyang,Nasi,"Tidak Pedas, Asin/Gurih",Makan Malam,
6/2/2026 22:10:45,Burjo Kane,Jatimulyo,Baked Rice Sausage,Burjo,"15,000",Hemat,Kenyang,"Nasi, Sosis","Tidak Pedas, Asin/Gurih",Makan Malam,
6/2/2026 22:11:49,Burjo Kane,Jatimulyo,Chicken Crispy Steak Cheese,Burjo,"18,000",Sedang,Kenyang,Ayam,"Tidak Pedas, Asin/Gurih",Makan Malam,
6/2/2026 22:12:53,Burjo Kane,Jatimulyo,Chicken Crispy Steak BBQ,Burjo,"18,000",Sedang,Kenyang,Ayam,"Tidak Pedas, Asin/Gurih",Makan Malam,
6/2/2026 22:13:57,Burjo Kane,Jatimulyo,Chicken Crispy Steak Mushroom,Burjo,"18,000",Sedang,Kenyang,Ayam,"Tidak Pedas, Asin/Gurih",Makan Malam,
6/2/2026 22:15:01,Burjo Kane,Jatimulyo,Beef Teriyaki,Burjo,"20,000",Sedang,Kenyang,"Daging, Nasi","Tidak Pedas, Asin/Gurih",Makan Malam,
6/2/2026 22:16:05,Burjo Kane,Jatimulyo,Beef Blackpepper,Burjo,"20,000",Sedang,Kenyang,"Daging, Nasi","Tidak Pedas, Asin/Gurih",Makan Malam,
6/2/2026 22:17:09,Burjo BP,Bulusan,Nasi Ayam Balap,Burjo,15000,Hemat,"Kenyang, Praktis","Nasi, Ayam","Pedas, Asin/Gurih",Makan Siang,
6/2/2026 22:18:13,Burjo BP,Bulusan,Nasi Ayam Geprek,Burjo,15000,Hemat,"Kenyang, Praktis","Nasi, Ayam","Pedas, Asin/Gurih",Makan Siang,
6/2/2026 22:19:17,Burjo BP,Bulusan,Nasi Ayam Bali Suwir,Burjo,13000,Hemat,"Kenyang, Praktis","Nasi, Ayam","Pedas, Asin/Gurih",Makan Siang,
6/2/2026 22:20:21,Burjo BP,Bulusan,Nasi Ayam Bali Crispy,Burjo,15000,Hemat,"Kenyang, Praktis","Nasi, Ayam","Pedas, Asin/Gurih",Makan Siang,
6/2/2026 22:21:25,Burjo BP,Bulusan,Nasi Usus,Burjo,12000,Hemat,"Kenyang, Praktis","Nasi, Jeroan","Tidak Pedas, Asin/Gurih",Makan Siang,
6/2/2026 22:22:29,Burjo BP,Bulusan,Nasi Ati Ampela,Burjo,12000,Hemat,"Kenyang, Praktis","Nasi, Jeroan","Tidak Pedas, Asin/Gurih",Makan Siang,
6/2/2026 22:23:33,Burjo BP,Bulusan,Nasi Sarden,Burjo,12000,Hemat,"Kenyang, Praktis","Nasi, Ikan, Sarden","Tidak Pedas, Asin/Gurih",Makan Siang,
6/2/2026 22:24:37,Burjo BP,Bulusan,Nasi Gila,Burjo,17000,Sedang,"Kenyang, Praktis",Nasi,"Tidak Pedas, Asin/Gurih",Makan Malam,
6/2/2026 22:25:41,Burjo BP,Bulusan,Nasi Ayam Rica,Burjo,15000,Hemat,"Kenyang, Praktis","Nasi, Ayam","Pedas, Asin/Gurih",Makan Siang,
6/2/2026 22:26:45,Burjo BP,Bulusan,Nasi Rames,Burjo,7000,Sangat Hemat,"Kenyang, Praktis","Nasi, Sayur","Tidak Pedas, Asin/Gurih",Makan Siang,
6/2/2026 22:27:49,Burjo BP,Bulusan,Nasi Orak-Arik Ayam,Burjo,15000,Hemat,"Kenyang, Praktis","Nasi, Ayam","Tidak Pedas, Asin/Gurih",Makan Siang,
6/2/2026 22:28:53,Burjo BP,Bulusan,Nasi Orak-Arik Telur,Burjo,12000,Hemat,"Kenyang, Praktis","Nasi, Telur","Tidak Pedas, Asin/Gurih",Makan Siang,
6/2/2026 22:29:57,Burjo BP,Bulusan,Nasi Orak-Arik Sosis,Burjo,15000,Hemat,"Kenyang, Praktis","Nasi, Sosis","Tidak Pedas, Asin/Gurih",Makan Siang,
6/2/2026 22:31:01,Burjo BP,Bulusan,Nasi Orak-Arik Bakso,Burjo,15000,Hemat,"Kenyang, Praktis","Nasi, Bakso","Tidak Pedas, Asin/Gurih",Makan Malam,
6/2/2026 22:32:05,Burjo BP,Bulusan,Nasi Telur Dadar / Ceplok,Burjo,10000,Hemat,"Kenyang, Praktis","Nasi, Telur","Tidak Pedas, Asin/Gurih",Makan Siang,
6/2/2026 22:33:09,Burjo BP,Bulusan,Nasi Ceplok Balado,Burjo,11000,Hemat,"Kenyang, Praktis","Nasi, Telur","Pedas, Asin/Gurih",Makan Siang,
6/2/2026 22:34:13,Burjo BP,Bulusan,Nasi Ayam Balado,Burjo,15000,Hemat,"Kenyang, Praktis","Nasi, Ayam","Pedas, Asin/Gurih",Makan Siang,
6/2/2026 22:35:17,Burjo BP,Bulusan,Nasi Omelette,Burjo,13000,Hemat,"Kenyang, Praktis","Nasi, Telur","Tidak Pedas, Asin/Gurih",Makan Siang,
6/2/2026 22:36:21,Burjo BP,Bulusan,Nasi Omelette Indomie,Burjo,15000,Hemat,"Kenyang, Praktis","Nasi, Telur, Mie","Tidak Pedas, Asin/Gurih",Larut Malam,
6/2/2026 22:37:25,Burjo BP,Bulusan,Nasi Goreng,Burjo,12000,Hemat,"Kenyang, Praktis",Nasi,"Tidak Pedas, Asin/Gurih",Makan Malam,
6/2/2026 22:38:29,Burjo BP,Bulusan,Nasi Goreng Derfa,Burjo,15000,Hemat,"Kenyang, Praktis",Nasi,"Tidak Pedas, Asin/Gurih",Makan Malam,
6/2/2026 22:39:33,Burjo BP,Bulusan,Nasi Goreng Spesial,Burjo,17000,Sedang,"Kenyang, Praktis",Nasi,"Tidak Pedas, Asin/Gurih",Makan Malam,
6/2/2026 22:40:37,Burjo BP,Bulusan,Nasi Magelangan,Burjo,13000,Hemat,"Kenyang, Praktis",Nasi,"Tidak Pedas, Asin/Gurih",Makan Malam,
6/2/2026 22:41:41,Burjo BP,Bulusan,Nasi Magelangan Indomie,Burjo,15000,Hemat,"Kenyang, Praktis","Nasi, Mie","Tidak Pedas, Asin/Gurih",Larut Malam,
6/2/2026 22:42:45,Burjo BP,Bulusan,Mie Dok-Dok,Burjo,13000,Hemat,"Praktis, Kenyang",Mie,"Tidak Pedas, Asin/Gurih",Larut Malam,
6/2/2026 22:43:49,Burjo BP,Bulusan,Mie Dok-Dok Spesial,Burjo,17000,Sedang,"Praktis, Kenyang",Mie,"Tidak Pedas, Asin/Gurih",Larut Malam,
6/2/2026 22:44:53,Burjo BP,Bulusan,Mie Tek-Tek,Burjo,13000,Hemat,"Praktis, Kenyang",Mie,"Tidak Pedas, Asin/Gurih",Larut Malam,
6/2/2026 22:45:57,Burjo BP,Bulusan,Mie Tek-Tek Spesial,Burjo,17000,Sedang,"Praktis, Kenyang",Mie,"Tidak Pedas, Asin/Gurih",Larut Malam,
6/2/2026 22:47:01,Burjo BP,Bulusan,Kwetiaw Goreng,Burjo,15000,Hemat,"Praktis, Kenyang","Mie, Kwetiaw","Tidak Pedas, Asin/Gurih",Larut Malam,
6/2/2026 22:48:05,Burjo BP,Bulusan,Indomie Rebus Telur,Burjo,10000,Hemat,"Praktis, Kenyang","Telur, Mie","Tidak Pedas, Asin/Gurih",Larut Malam,
6/2/2026 22:49:09,Burjo BP,Bulusan,Indomie Rebus Spesial,Burjo,17000,Sedang,"Praktis, Kenyang",Mie,"Tidak Pedas, Asin/Gurih",Larut Malam,
6/2/2026 22:50:13,Burjo BP,Bulusan,Indomie Tante,Burjo,8000,Sangat Hemat,"Praktis, Kenyang",Mie,"Tidak Pedas, Asin/Gurih",Larut Malam,
6/2/2026 22:51:17,Burjo BP,Bulusan,Indomie Goreng Telur,Burjo,10000,Hemat,"Praktis, Kenyang","Telur, Mie","Tidak Pedas, Asin/Gurih",Larut Malam,
6/2/2026 22:52:21,Burjo BP,Bulusan,Indomie Goreng Spesial,Burjo,17000,Sedang,"Praktis, Kenyang",Mie,"Tidak Pedas, Asin/Gurih",Larut Malam,
6/2/2026 22:53:25,Burjo BP,Bulusan,Bakso,Burjo,10000,Hemat,"Cemilan, Praktis",Bakso,"Tidak Pedas, Asin/Gurih",Makan Malam,
6/2/2026 22:54:29,Burjo BP,Bulusan,Kentang,Burjo,10000,Hemat,"Cemilan, Praktis",Kentang,"Tidak Pedas, Asin/Gurih",Makan Malam,
6/2/2026 22:55:33,Burjo BP,Bulusan,Cireng,Burjo,10000,Hemat,"Cemilan, Praktis",Gorengan,"Tidak Pedas, Asin/Gurih",Makan Malam,
6/2/2026 22:56:37,Burjo BP,Bulusan,Nugget,Burjo,10000,Hemat,"Cemilan, Praktis",Nugget,"Tidak Pedas, Asin/Gurih",Makan Malam,
6/2/2026 22:57:41,Burjo BP,Bulusan,Mix Platter,Burjo,25000,Sedang,"Cemilan, Praktis","Kentang, Nugget, Gorengan","Tidak Pedas, Asin/Gurih",Makan Malam,
6/2/2026 22:58:45,Nasi Kuning Pasundan,Gondang,Nasi Kuning / Nasi Uduk + Telur Dadar,Warteg,10000,Hemat,"Kenyang, Praktis","Nasi, Telur","Tidak Pedas, Asin/Gurih",Sarapan,
6/2/2026 22:59:49,Nasi Kuning Pasundan,Gondang,Nasi Kuning / Nasi Uduk + Telur Balado,Warteg,11000,Hemat,"Kenyang, Praktis","Nasi, Telur","Pedas, Asin/Gurih",Sarapan,
6/2/2026 23:00:53,Nasi Kuning Pasundan,Gondang,Nasi Kuning / Nasi Uduk + Telur Bakar,Warteg,11000,Hemat,"Kenyang, Praktis","Nasi, Telur","Tidak Pedas, Asin/Gurih",Sarapan,
6/2/2026 23:01:57,Nasi Kuning Pasundan,Gondang,Nasi Kuning / Nasi Uduk + Telur Sosis,Warteg,11000,Hemat,"Kenyang, Praktis","Nasi, Telur, Sosis","Tidak Pedas, Asin/Gurih",Sarapan,
6/2/2026 23:03:01,Nasi Kuning Pasundan,Gondang,Nasi Kuning / Nasi Uduk + Telur + Sosis,Warteg,12000,Hemat,"Kenyang, Praktis","Nasi, Telur, Sosis","Tidak Pedas, Asin/Gurih",Sarapan,
6/2/2026 23:04:05,Nasi Kuning Pasundan,Gondang,Nasi Kuning / Nasi Uduk + Telur Orak-Arik,Warteg,11000,Hemat,"Kenyang, Praktis","Nasi, Telur","Tidak Pedas, Asin/Gurih",Sarapan,
6/2/2026 23:05:09,Nasi Kuning Pasundan,Gondang,Nasi Kuning / Nasi Uduk + Telur Geprek,Warteg,11000,Hemat,"Kenyang, Praktis","Nasi, Telur","Pedas, Asin/Gurih",Sarapan,
6/2/2026 23:06:13,Nasi Kuning Pasundan,Gondang,Nasi Kuning / Nasi Uduk + Sosis,Warteg,10000,Hemat,"Kenyang, Praktis","Nasi, Sosis","Tidak Pedas, Asin/Gurih",Sarapan,
6/2/2026 23:07:17,Nasi Kuning Pasundan,Gondang,Nasi Kuning / Nasi Uduk + Nugget,Warteg,11000,Hemat,"Kenyang, Praktis","Nasi, Nugget","Tidak Pedas, Asin/Gurih",Sarapan,
6/2/2026 23:08:21,Nasi Kuning Pasundan,Gondang,Nasi Kuning / Nasi Uduk + Nugget Geprek,Warteg,12000,Hemat,"Kenyang, Praktis","Nasi, Nugget","Pedas, Asin/Gurih",Sarapan,
6/2/2026 23:09:25,Nasi Kuning Pasundan,Gondang,Nasi Kuning / Nasi Uduk + Ayam Orak-Arik,Warteg,13000,Hemat,"Kenyang, Praktis","Nasi, Ayam","Tidak Pedas, Asin/Gurih",Sarapan,
6/2/2026 23:10:29,Nasi Kuning Pasundan,Gondang,Nasi Kuning / Nasi Uduk + Omelet / Bakar,Warteg,13000,Hemat,"Kenyang, Praktis","Nasi, Telur","Tidak Pedas, Asin/Gurih",Sarapan,
6/2/2026 23:11:33,Nasi Kuning Pasundan,Gondang,Nasi Kuning / Nasi Uduk + Abon Sapi,Warteg,12000,Hemat,"Kenyang, Praktis","Nasi, Daging, Abon","Tidak Pedas, Asin/Gurih",Sarapan,
6/2/2026 23:12:37,Nasi Kuning Pasundan,Gondang,Nasi Kuning / Nasi Uduk + Sambal Goreng Ati,Warteg,13000,Hemat,"Kenyang, Praktis","Nasi, Jeroan","Pedas, Asin/Gurih",Sarapan,
6/2/2026 23:13:41,Nasi Kuning Pasundan,Gondang,Nasi Kuning / Nasi Uduk + Lele Goreng,Warteg,12000,Hemat,"Kenyang, Praktis","Nasi, Ikan, Lele","Tidak Pedas, Asin/Gurih",Sarapan,
6/2/2026 23:14:45,Nasi Kuning Pasundan,Gondang,Nasi Kuning / Nasi Uduk + Lele Bakar,Warteg,13000,Hemat,"Kenyang, Praktis","Nasi, Ikan, Lele","Tidak Pedas, Asin/Gurih",Sarapan,
6/2/2026 23:15:49,Nasi Kuning Pasundan,Gondang,Nasi Kuning / Nasi Uduk + Ayam Kecap,Warteg,13000,Hemat,"Kenyang, Praktis","Nasi, Ayam","Tidak Pedas, Asin/Gurih",Sarapan,
6/2/2026 23:16:53,Nasi Kuning Pasundan,Gondang,Nasi Kuning / Nasi Uduk + Ayam Goreng,Warteg,14000,Hemat,"Kenyang, Praktis","Nasi, Ayam","Tidak Pedas, Asin/Gurih",Sarapan,
6/2/2026 23:17:57,Nasi Kuning Pasundan,Gondang,Nasi Kuning / Nasi Uduk + Ayam Bakar,Warteg,15000,Hemat,"Kenyang, Praktis","Nasi, Ayam","Tidak Pedas, Asin/Gurih",Sarapan,
6/2/2026 23:19:01,Nasi Kuning Pasundan,Gondang,Nasi Kuning / Nasi Uduk + Ayam Crispy,Warteg,14000,Hemat,"Kenyang, Praktis","Nasi, Ayam","Tidak Pedas, Asin/Gurih",Sarapan,
6/2/2026 23:20:05,Nasi Kuning Pasundan,Gondang,Nasi Kuning / Nasi Uduk + Ayam Geprek,Warteg,15000,Hemat,"Kenyang, Praktis","Nasi, Ayam","Pedas, Asin/Gurih",Sarapan,
6/2/2026 23:21:09,Nasi Kuning Pasundan,Gondang,Nasi Kuning / Nasi Uduk + Ayam Bali,Warteg,13000,Hemat,"Kenyang, Praktis","Nasi, Ayam","Pedas, Asin/Gurih",Sarapan,
6/2/2026 23:22:13,Nasi Kuning Pasundan,Gondang,Nasi Kuning / Nasi Uduk + Ayam Bali Crispy,Warteg,13000,Hemat,"Kenyang, Praktis","Nasi, Ayam","Pedas, Asin/Gurih",Sarapan,
6/2/2026 23:23:17,Nasi Kuning Pasundan,Gondang,Nasi Kuning / Nasi Uduk + Ayam Balap,Warteg,13000,Hemat,"Kenyang, Praktis","Nasi, Ayam","Pedas, Asin/Gurih",Sarapan,
6/2/2026 23:24:21,Nasi Kuning Pasundan,Gondang,Nasi Putih + Telur Penyet,Warteg,10000,Hemat,"Kenyang, Praktis","Nasi, Telur","Pedas, Asin/Gurih",Makan Siang,
6/2/2026 23:25:25,Nasi Kuning Pasundan,Gondang,Nasi Putih + Telur Geprek,Warteg,11000,Hemat,"Kenyang, Praktis","Nasi, Telur","Pedas, Asin/Gurih",Makan Siang,
6/2/2026 23:26:29,Nasi Kuning Pasundan,Gondang,Nasi Putih + Ayam Penyet,Warteg,13000,Hemat,"Kenyang, Praktis","Nasi, Ayam","Pedas, Asin/Gurih",Makan Siang,
6/2/2026 23:27:33,Nasi Kuning Pasundan,Gondang,Nasi Putih + Ayam Bakar,Warteg,14000,Hemat,"Kenyang, Praktis","Nasi, Ayam","Tidak Pedas, Asin/Gurih",Makan Siang,
6/2/2026 23:28:37,Nasi Kuning Pasundan,Gondang,Nasi Putih + Ayam Orak-Arik,Warteg,12000,Hemat,"Kenyang, Praktis","Nasi, Ayam","Tidak Pedas, Asin/Gurih",Makan Siang,
6/2/2026 23:29:41,Nasi Kuning Pasundan,Gondang,Nasi Putih + Ayam Balap,Warteg,12000,Hemat,"Kenyang, Praktis","Nasi, Ayam","Pedas, Asin/Gurih",Makan Siang,
6/2/2026 23:30:45,Nasi Kuning Pasundan,Gondang,Nasi Putih + Lele Bakar,Warteg,12000,Hemat,"Kenyang, Praktis","Nasi, Ikan, Lele","Tidak Pedas, Asin/Gurih",Makan Siang,
6/2/2026 23:31:49,Nasi Kuning Pasundan,Gondang,Nasi Putih + Lele Penyet,Warteg,11000,Hemat,"Kenyang, Praktis","Nasi, Ikan, Lele","Pedas, Asin/Gurih",Makan Siang,
6/2/2026 23:32:53,Nasi Kuning Pasundan,Gondang,Nasi Putih + Ayam Bali,Warteg,12000,Hemat,"Kenyang, Praktis","Nasi, Ayam","Pedas, Asin/Gurih",Makan Siang,
6/2/2026 23:33:57,Nasi Kuning Pasundan,Gondang,Nasi Putih + Ayam Bali Crispy,Warteg,13000,Hemat,"Kenyang, Praktis","Nasi, Ayam","Pedas, Asin/Gurih",Makan Siang,
6/2/2026 23:35:01,Nasi Kuning Pasundan,Gondang,Nasi Putih + Tahu Penyet,Warteg,8000,Sangat Hemat,"Kenyang, Praktis","Nasi, Tahu","Pedas, Asin/Gurih",Makan Siang,
6/2/2026 23:36:05,Nasi Kuning Pasundan,Gondang,Nasi Putih + Tempe Penyet,Warteg,8000,Sangat Hemat,"Kenyang, Praktis","Nasi, Tempe","Pedas, Asin/Gurih",Makan Siang,
6/2/2026 23:37:09,Nasi Kuning Pasundan,Gondang,Nasi Putih + Jamur Crispy,Warteg,11000,Hemat,"Kenyang, Cukup Sehat","Nasi, Sayur, Jamur","Tidak Pedas, Asin/Gurih",Makan Siang,
6/2/2026 23:38:13,Nasi Kuning Pasundan,Gondang,Nasi Putih + Ayam Crispy,Warteg,13000,Hemat,"Kenyang, Praktis","Nasi, Ayam","Tidak Pedas, Asin/Gurih",Makan Siang,
6/2/2026 23:39:17,Nasi Kuning Pasundan,Gondang,Nasi Putih + Ayam Geprek,Warteg,15000,Hemat,"Kenyang, Praktis","Nasi, Ayam","Pedas, Asin/Gurih",Makan Siang,
6/2/2026 23:40:21,Nasi Kuning Pasundan,Gondang,Nasi Gila,Warteg,15000,Hemat,"Kenyang, Praktis",Nasi,"Tidak Pedas, Asin/Gurih",Makan Siang,
6/2/2026 23:41:25,Nasi Kuning Pasundan,Gondang,Nasi Putih + SOP Daging Sapi,Warteg,13000,Hemat,"Kenyang, Cukup Sehat","Nasi, Daging","Tidak Pedas, Asin/Gurih",Makan Siang,
6/2/2026 23:42:29,Nasi Kuning Pasundan,Gondang,Nasi Putih + Cah Kangkung,Warteg,10000,Hemat,"Kenyang, Cukup Sehat","Nasi, Sayur","Tidak Pedas, Asin/Gurih",Makan Siang,
6/2/2026 23:43:33,Nasi Kuning Pasundan,Gondang,Nasi Putih + Cah Jamur,Warteg,11000,Hemat,"Kenyang, Cukup Sehat","Nasi, Sayur, Jamur","Tidak Pedas, Asin/Gurih",Makan Siang,
6/2/2026 23:44:37,Nasi Kuning Pasundan,Gondang,Indomie Rebus / Goreng Tante,Warteg,8000,Sangat Hemat,"Praktis, Kenyang",Mie,"Tidak Pedas, Asin/Gurih",Makan Malam,
6/2/2026 23:45:41,Nasi Kuning Pasundan,Gondang,Indomie Rebus / Goreng Intel,Warteg,11000,Hemat,"Praktis, Kenyang","Telur, Mie","Tidak Pedas, Asin/Gurih",Makan Malam,
6/2/2026 23:46:45,Nasi Kuning Pasundan,Gondang,Mie Bangladesh,Warteg,16000,Sedang,"Praktis, Kenyang",Mie,"Tidak Pedas, Asin/Gurih",Makan Malam,
6/2/2026 23:47:49,Nasi Kuning Pasundan,Gondang,Mie Dok-Dok Original,Warteg,10000,Hemat,"Praktis, Kenyang",Mie,"Tidak Pedas, Asin/Gurih",Makan Malam,
6/2/2026 23:48:53,Nasi Kuning Pasundan,Gondang,Mie Dok-Dok Rendang,Warteg,11000,Hemat,"Praktis, Kenyang",Mie,"Tidak Pedas, Asin/Gurih",Makan Malam,
6/2/2026 23:49:57,Nasi Kuning Pasundan,Gondang,Mie Dok-Dok Aceh,Warteg,11000,Hemat,"Praktis, Kenyang",Mie,"Pedas, Asin/Gurih",Makan Malam,
6/2/2026 23:51:01,Nasi Kuning Pasundan,Gondang,Mie Tek-Tek,Warteg,10000,Hemat,"Praktis, Kenyang",Mie,"Tidak Pedas, Asin/Gurih",Makan Malam,
6/2/2026 23:52:05,Nasi Kuning Pasundan,Gondang,Nasi Goreng Telur,Warteg,11000,Hemat,"Kenyang, Praktis","Nasi, Telur","Tidak Pedas, Asin/Gurih",Makan Malam,
6/2/2026 23:53:09,Nasi Kuning Pasundan,Gondang,Nasi Goreng Telur Ayam,Warteg,13000,Hemat,"Kenyang, Praktis","Nasi, Ayam, Telur","Tidak Pedas, Asin/Gurih",Makan Malam,
6/2/2026 23:54:13,Nasi Kuning Pasundan,Gondang,Nasi Goreng Ayam Sosis,Warteg,15000,Hemat,"Kenyang, Praktis","Nasi, Ayam, Sosis","Tidak Pedas, Asin/Gurih",Makan Malam,
6/2/2026 23:55:17,Nasi Kuning Pasundan,Gondang,Nasi Goreng Spesial,Warteg,16000,Sedang,"Kenyang, Praktis",Nasi,"Tidak Pedas, Asin/Gurih",Makan Malam,
6/2/2026 23:56:21,Nasi Kuning Pasundan,Gondang,Nasi Goreng Rendang,Warteg,12000,Hemat,"Kenyang, Praktis",Nasi,"Tidak Pedas, Asin/Gurih",Makan Malam,
6/2/2026 23:57:25,Nasi Kuning Pasundan,Gondang,Nasi Magelangan,Warteg,11000,Hemat,"Kenyang, Praktis",Nasi,"Tidak Pedas, Asin/Gurih",Makan Malam,
6/2/2026 23:58:29,Nasi Kuning Pasundan,Gondang,Nasi Magelangan Telur Ayam,Warteg,13000,Hemat,"Kenyang, Praktis","Nasi, Ayam, Telur","Tidak Pedas, Asin/Gurih",Makan Malam,
6/2/2026 23:59:33,Nasi Kuning Pasundan,Gondang,Nasi + Ayam Geprek Saos Korea,Warteg,17000,Sedang,"Kenyang, Praktis","Nasi, Ayam","Pedas, Asin/Gurih",Makan Siang,
6/3/2026 0:00:37,Nasi Kuning Pasundan,Gondang,Nasi + Ayam Geprek Saos Black Paper,Warteg,17000,Sedang,"Kenyang, Praktis","Nasi, Ayam","Pedas, Asin/Gurih",Makan Siang,
6/3/2026 0:01:41,Nasi Kuning Pasundan,Gondang,Nasi + Ayam Geprek Saos Teriyaki,Warteg,17000,Sedang,"Kenyang, Praktis","Nasi, Ayam","Pedas, Asin/Gurih",Makan Siang,
6/3/2026 0:02:45,Nasi Kuning Pasundan,Gondang,Nasi + Ayam Geprek Saos Keju,Warteg,17000,Sedang,"Kenyang, Praktis","Nasi, Ayam","Pedas, Asin/Gurih",Makan Siang,
6/3/2026 0:03:49,Nasi Kuning Pasundan,Gondang,Nasi + Ayam Geprek Saos BBQ,Warteg,17000,Sedang,"Kenyang, Praktis","Nasi, Ayam","Pedas, Asin/Gurih",Makan Siang,
6/3/2026 0:04:53,Burjo Motekar,Banjarsari,Bubur Kacang Ijo,Burjo,9000,Sangat Hemat,"Praktis, Cemilan","Bubur, Kacang Ijo",Manis,Sarapan,
6/3/2026 0:05:57,Burjo Motekar,Banjarsari,Bubur Ketan Hitam,Burjo,9000,Sangat Hemat,"Praktis, Cemilan","Bubur, Ketan Hitam",Manis,Sarapan,
6/3/2026 0:07:01,Burjo Motekar,Banjarsari,Mie Rebus Tante,Burjo,9000,Sangat Hemat,"Praktis, Kenyang",Mie,"Tidak Pedas, Asin/Gurih",Larut Malam,
6/3/2026 0:08:05,Burjo Motekar,Banjarsari,Mie Goreng Tante,Burjo,9000,Sangat Hemat,"Praktis, Kenyang",Mie,"Tidak Pedas, Asin/Gurih",Larut Malam,
6/3/2026 0:09:09,Burjo Motekar,Banjarsari,Nasi Ayam Bali,Burjo,15000,Hemat,"Kenyang, Praktis","Nasi, Ayam","Pedas, Asin/Gurih",Makan Siang,
6/3/2026 0:10:13,Burjo Motekar,Banjarsari,Nasi Ayam Geprek,Burjo,15000,Hemat,"Kenyang, Praktis","Nasi, Ayam","Pedas, Asin/Gurih",Makan Siang,
6/3/2026 0:11:17,Burjo Motekar,Banjarsari,Nasi Ayam Rica,Burjo,15000,Hemat,"Kenyang, Praktis","Nasi, Ayam","Pedas, Asin/Gurih",Makan Siang,
6/3/2026 0:12:21,Burjo Motekar,Banjarsari,Nasi Oseng Ayam,Burjo,15000,Hemat,"Kenyang, Praktis","Nasi, Ayam","Tidak Pedas, Asin/Gurih",Makan Siang,
6/3/2026 0:13:25,Burjo Motekar,Banjarsari,Nasi Oseng Ati,Burjo,15000,Hemat,"Kenyang, Praktis","Nasi, Jeroan","Tidak Pedas, Asin/Gurih",Makan Siang,
6/3/2026 0:14:29,Burjo Motekar,Banjarsari,Nasi Telur,Burjo,13000,Hemat,"Kenyang, Praktis","Nasi, Telur","Tidak Pedas, Asin/Gurih",Makan Siang,
6/3/2026 0:15:33,Burjo Motekar,Banjarsari,Nasi Goreng Telur,Burjo,14000,Hemat,"Kenyang, Praktis","Nasi, Telur","Tidak Pedas, Asin/Gurih",Makan Malam,
6/3/2026 0:16:37,Burjo Motekar,Banjarsari,Nasi Goreng Sosis,Burjo,16000,Sedang,"Kenyang, Praktis","Nasi, Sosis","Tidak Pedas, Asin/Gurih",Makan Malam,
6/3/2026 0:17:41,Burjo Motekar,Banjarsari,Nasi Goreng Ati,Burjo,16000,Sedang,"Kenyang, Praktis","Nasi, Jeroan","Tidak Pedas, Asin/Gurih",Makan Malam,
6/3/2026 0:18:45,Burjo Motekar,Banjarsari,Nasi Goreng Ayam,Burjo,16000,Sedang,"Kenyang, Praktis","Nasi, Ayam","Tidak Pedas, Asin/Gurih",Makan Malam,
6/3/2026 0:19:49,Burjo Motekar,Banjarsari,Nasi Sarden,Burjo,13000,Hemat,"Kenyang, Praktis","Nasi, Ikan, Sarden","Tidak Pedas, Asin/Gurih",Makan Siang,
6/3/2026 0:20:53,Burjo Motekar,Banjarsari,Nasi Orak-Arik Telur,Burjo,14000,Hemat,"Kenyang, Praktis","Nasi, Telur","Tidak Pedas, Asin/Gurih",Makan Siang,
6/3/2026 0:21:57,Burjo Motekar,Banjarsari,Nasi Orak-Arik Ayam,Burjo,16000,Sedang,"Kenyang, Praktis","Nasi, Ayam","Tidak Pedas, Asin/Gurih",Makan Siang,
6/3/2026 0:23:01,Burjo Motekar,Banjarsari,Nasi Orak-Arik Sosis,Burjo,16000,Sedang,"Kenyang, Praktis","Nasi, Sosis","Tidak Pedas, Asin/Gurih",Makan Siang,
6/3/2026 0:24:05,Burjo Motekar,Banjarsari,Nasi Orak-Arik Ati,Burjo,16000,Sedang,"Kenyang, Praktis","Nasi, Jeroan","Tidak Pedas, Asin/Gurih",Makan Siang,
6/3/2026 0:25:09,Burjo Motekar,Banjarsari,Nasi Magelangan,Burjo,15000,Hemat,"Kenyang, Praktis",Nasi,"Tidak Pedas, Asin/Gurih",Makan Malam,
6/3/2026 0:26:13,Burjo Motekar,Banjarsari,Nasi Omelet,Burjo,15000,Hemat,"Kenyang, Praktis","Nasi, Telur","Tidak Pedas, Asin/Gurih",Makan Siang,
6/3/2026 0:27:17,Burjo Motekar,Banjarsari,Mie Dog-Dog,Burjo,14000,Hemat,"Praktis, Kenyang",Mie,"Tidak Pedas, Asin/Gurih",Larut Malam,
6/3/2026 0:28:21,Burjo Motekar,Banjarsari,Mie Setan,Burjo,14000,Hemat,"Praktis, Kenyang",Mie,"Pedas, Asin/Gurih",Larut Malam,